posting_id,position,posting_date,job_description,annual_salary,minimum_qualification
1,Senior Financial Analyst,11/27/2020,Duis consequat dui nec nisi volutpat eleifend. Donec ut dolor. Morbi vel lectus in quam fringilla rhoncus.,$94758.03,WLM
2,Human Resources Assistant II,01/27/2021,"Sed sagittis. Nam congue, risus semper porta volutpat, quam pede lobortis ligula, sit amet eleifend pede libero quis orci. Nullam molestie nibh in lectus.",$96175.92,Aerospace
3,Professor,08/06/2020,Integer ac leo. Pellentesque ultrices mattis odio. Donec vitae nisi.,$108127.77,KRAs
4,Assistant Manager,11/14/2020,"Nam ultrices, libero non mattis pulvinar, nulla pede ullamcorper augue, a suscipit nulla elit ac nulla. Sed vel enim sit amet nunc viverra dapibus. Nulla suscipit ligula in lacus.",$119813.15,EIFS
5,Quality Control Specialist,11/26/2020,In quis justo. Maecenas rhoncus aliquam lacus. Morbi quis tortor id nulla ultrices aliquet.,$124047.51,iVantage
6,Data Coordiator,12/05/2020,"In hac habitasse platea dictumst. Morbi vestibulum, velit id pretium iaculis, diam erat fermentum justo, nec condimentum neque sapien placerat ante. Nulla justo.",$112839.43,Ethnography
7,Programmer II,12/23/2020,Phasellus in felis. Donec semper sapien a libero. Nam dui.,$118084.73,NDF
8,Office Assistant III,08/16/2020,"Curabitur gravida nisi at nibh. In hac habitasse platea dictumst. Aliquam augue quam, sollicitudin vitae, consectetuer eget, rutrum at, lorem.",$111078.14,PowerPoint
9,Quality Control Specialist,06/05/2021,"Vestibulum quam sapien, varius ut, blandit non, interdum in, ante. Vestibulum ante ipsum primis in faucibus orci luctus et ultrices posuere cubilia Curae; Duis faucibus accumsan odio. Curabitur convallis.",$115681.61,DTI
10,Biostatistician II,06/10/2021,Duis consequat dui nec nisi volutpat eleifend. Donec ut dolor. Morbi vel lectus in quam fringilla rhoncus.,$114159.32,FP-C
11,Librarian,01/20/2021,"In sagittis dui vel nisl. Duis ac nibh. Fusce lacus purus, aliquet at, feugiat non, pretium quis, lectus.",$114943.73,Banking
12,Senior Developer,06/26/2021,"Curabitur in libero ut massa volutpat convallis. Morbi odio odio, elementum eu, interdum eu, tincidunt in, leo. Maecenas pulvinar lobortis est.",$93661.32,Private Piloting
13,Nuclear Power Engineer,02/02/2021,Aliquam quis turpis eget elit sodales scelerisque. Mauris sit amet eros. Suspendisse accumsan tortor quis turpis.,$99505.01,NICET
14,Automation Specialist II,01/14/2021,"Morbi non lectus. Aliquam sit amet diam in magna bibendum imperdiet. Nullam orci pede, venenatis non, sodales sed, tincidunt eu, felis.",$90348.27,BSI Tax Factory
15,Executive Secretary,06/23/2021,Nulla ut erat id mauris vulputate elementum. Nullam varius. Nulla facilisi.,$116301.98,SBMS
16,Food Chemist,08/27/2020,"Maecenas leo odio, condimentum id, luctus nec, molestie sed, justo. Pellentesque viverra pede ac diam. Cras pellentesque volutpat dui.",$120506.87,Family Law
17,VP Quality Control,07/03/2021,"Curabitur gravida nisi at nibh. In hac habitasse platea dictumst. Aliquam augue quam, sollicitudin vitae, consectetuer eget, rutrum at, lorem.",$104408.23,JCL
18,Senior Cost Accountant,10/17/2020,Nullam sit amet turpis elementum ligula vehicula consequat. Morbi a ipsum. Integer a nibh.,$93771.30,Influence Others
19,Staff Scientist,05/02/2021,"Morbi porttitor lorem id ligula. Suspendisse ornare consequat lectus. In est risus, auctor sed, tristique in, tempus sit amet, sem.",$96021.40,EEOC
20,Structural Engineer,07/17/2020,"Proin interdum mauris non ligula pellentesque ultrices. Phasellus id sapien in sapien iaculis congue. Vivamus metus arcu, adipiscing molestie, hendrerit at, vulputate vitae, nisl.",$101701.36,IT Transformation
21,Executive Secretary,04/23/2021,Pellentesque at nulla. Suspendisse potenti. Cras in purus eu magna vulputate luctus.,$105740.48,CCNP
22,Statistician III,07/26/2020,Fusce consequat. Nulla nisl. Nunc nisl.,$108224.53,JPA
23,Occupational Therapist,05/07/2021,"Cras mi pede, malesuada in, imperdiet et, commodo vulputate, justo. In blandit ultrices enim. Lorem ipsum dolor sit amet, consectetuer adipiscing elit.",$100928.91,IABP
24,Nuclear Power Engineer,08/05/2020,Cras non velit nec nisi vulputate nonummy. Maecenas tincidunt lacus at velit. Vivamus vel nulla eget eros elementum pellentesque.,$115072.74,Access
25,VP Product Management,08/24/2020,In hac habitasse platea dictumst. Etiam faucibus cursus urna. Ut tellus.,$108910.08,RNA Biology
26,Marketing Manager,07/24/2020,In congue. Etiam justo. Etiam pretium iaculis justo.,$112926.71,CMC Regulatory Affairs
27,Biostatistician I,07/08/2020,"Proin interdum mauris non ligula pellentesque ultrices. Phasellus id sapien in sapien iaculis congue. Vivamus metus arcu, adipiscing molestie, hendrerit at, vulputate vitae, nisl.",$128278.97,HCS12
28,Health Coach IV,10/12/2020,"Curabitur gravida nisi at nibh. In hac habitasse platea dictumst. Aliquam augue quam, sollicitudin vitae, consectetuer eget, rutrum at, lorem.",$112609.03,JPEG2000
29,Operator,10/15/2020,"Proin interdum mauris non ligula pellentesque ultrices. Phasellus id sapien in sapien iaculis congue. Vivamus metus arcu, adipiscing molestie, hendrerit at, vulputate vitae, nisl.",$125523.23,FxCop
30,Accounting Assistant I,09/29/2020,"Proin leo odio, porttitor id, consequat in, consequat ut, nulla. Sed accumsan felis. Ut at dolor quis odio consequat varius.",$114404.02,Zend Studio
31,Tax Accountant,03/28/2021,Etiam vel augue. Vestibulum rutrum rutrum neque. Aenean auctor gravida sem.,$117895.77,Yacht Racing
32,Business Systems Development Analyst,11/15/2020,Nullam porttitor lacus at turpis. Donec posuere metus vitae ipsum. Aliquam non mauris.,$92523.03,Eyebrow
33,Analog Circuit Design manager,07/12/2020,Cras non velit nec nisi vulputate nonummy. Maecenas tincidunt lacus at velit. Vivamus vel nulla eget eros elementum pellentesque.,$128828.71,CTM
34,Programmer Analyst I,09/25/2020,In congue. Etiam justo. Etiam pretium iaculis justo.,$95835.05,Airport Management
35,Human Resources Manager,05/13/2021,"Nam ultrices, libero non mattis pulvinar, nulla pede ullamcorper augue, a suscipit nulla elit ac nulla. Sed vel enim sit amet nunc viverra dapibus. Nulla suscipit ligula in lacus.",$125242.23,FTPS
36,Information Systems Manager,02/13/2021,"Maecenas leo odio, condimentum id, luctus nec, molestie sed, justo. Pellentesque viverra pede ac diam. Cras pellentesque volutpat dui.",$96478.18,Culinary Skills
37,Assistant Media Planner,10/10/2020,"Praesent blandit. Nam nulla. Integer pede justo, lacinia eget, tincidunt eget, tempus vel, pede.",$126456.77,MPLS-TP
38,Research Assistant IV,03/10/2021,Integer ac leo. Pellentesque ultrices mattis odio. Donec vitae nisi.,$117886.32,UED
39,Data Coordiator,09/28/2020,Fusce consequat. Nulla nisl. Nunc nisl.,$122058.80,TIBCO
40,Marketing Assistant,01/03/2021,"Maecenas leo odio, condimentum id, luctus nec, molestie sed, justo. Pellentesque viverra pede ac diam. Cras pellentesque volutpat dui.",$127947.33,Electronics
41,Senior Developer,01/23/2021,"Morbi non lectus. Aliquam sit amet diam in magna bibendum imperdiet. Nullam orci pede, venenatis non, sodales sed, tincidunt eu, felis.",$113052.55,PDS
42,Electrical Engineer,08/25/2020,Integer tincidunt ante vel ipsum. Praesent blandit lacinia erat. Vestibulum sed magna at nunc commodo placerat.,$99998.17,GNU Radio
43,Human Resources Manager,11/28/2020,Duis bibendum. Morbi non quam nec dui luctus rutrum. Nulla tellus.,$107745.88,Guardianship
44,Human Resources Manager,02/02/2021,In hac habitasse platea dictumst. Etiam faucibus cursus urna. Ut tellus.,$120175.05,Vegetables
45,Software Test Engineer II,02/01/2021,Aliquam quis turpis eget elit sodales scelerisque. Mauris sit amet eros. Suspendisse accumsan tortor quis turpis.,$134211.64,Gemba Kaizen
46,Mechanical Systems Engineer,08/19/2020,Nullam sit amet turpis elementum ligula vehicula consequat. Morbi a ipsum. Integer a nibh.,$111467.54,Rooms Division
47,Actuary,11/04/2020,In hac habitasse platea dictumst. Etiam faucibus cursus urna. Ut tellus.,$91126.46,HP XP
48,Senior Quality Engineer,06/01/2021,"Maecenas leo odio, condimentum id, luctus nec, molestie sed, justo. Pellentesque viverra pede ac diam. Cras pellentesque volutpat dui.",$111930.47,Facilitation
49,Financial Advisor,05/30/2021,Phasellus sit amet erat. Nulla tempus. Vivamus in felis eu sapien cursus vestibulum.,$134033.36,RMS
50,Graphic Designer,07/05/2020,Duis bibendum. Morbi non quam nec dui luctus rutrum. Nulla tellus.,$119769.73,Legal Liability
51,Quality Engineer,11/23/2020,"Vestibulum ac est lacinia nisi venenatis tristique. Fusce congue, diam id ornare imperdiet, sapien urna pretium nisl, ut volutpat sapien arcu sed augue. Aliquam erat volutpat.",$114977.44,PE
52,Community Outreach Specialist,09/08/2020,Nullam porttitor lacus at turpis. Donec posuere metus vitae ipsum. Aliquam non mauris.,$92097.49,Nutrition
53,Statistician III,08/27/2020,"Praesent blandit. Nam nulla. Integer pede justo, lacinia eget, tincidunt eget, tempus vel, pede.",$120096.29,Sustainable Design
54,Chemical Engineer,05/26/2021,Pellentesque at nulla. Suspendisse potenti. Cras in purus eu magna vulputate luctus.,$99328.02,Organizational Behavior
55,Community Outreach Specialist,09/12/2020,Etiam vel augue. Vestibulum rutrum rutrum neque. Aenean auctor gravida sem.,$91373.77,Data Modeling
56,Social Worker,09/07/2020,Integer ac leo. Pellentesque ultrices mattis odio. Donec vitae nisi.,$95185.86,NCQA
57,Technical Writer,11/28/2020,"Maecenas leo odio, condimentum id, luctus nec, molestie sed, justo. Pellentesque viverra pede ac diam. Cras pellentesque volutpat dui.",$109721.28,GUI development
58,Assistant Professor,10/29/2020,In quis justo. Maecenas rhoncus aliquam lacus. Morbi quis tortor id nulla ultrices aliquet.,$98856.92,ZoomInfo
59,Nurse,04/14/2021,"In hac habitasse platea dictumst. Morbi vestibulum, velit id pretium iaculis, diam erat fermentum justo, nec condimentum neque sapien placerat ante. Nulla justo.",$105210.67,Djembe
60,Internal Auditor,08/07/2020,Aenean lectus. Pellentesque eget nunc. Donec quis orci eget orci vehicula condimentum.,$94370.49,HDMI
61,Operator,12/03/2020,"In sagittis dui vel nisl. Duis ac nibh. Fusce lacus purus, aliquet at, feugiat non, pretium quis, lectus.",$131153.41,HLSL
62,Design Engineer,06/17/2021,"In sagittis dui vel nisl. Duis ac nibh. Fusce lacus purus, aliquet at, feugiat non, pretium quis, lectus.",$112879.37,SNMP
63,VP Product Management,06/24/2021,"Sed sagittis. Nam congue, risus semper porta volutpat, quam pede lobortis ligula, sit amet eleifend pede libero quis orci. Nullam molestie nibh in lectus.",$95929.97,PDF Creator
64,Office Assistant II,01/21/2021,Integer ac leo. Pellentesque ultrices mattis odio. Donec vitae nisi.,$116917.52,People-oriented
65,Technical Writer,12/11/2020,Nulla ut erat id mauris vulputate elementum. Nullam varius. Nulla facilisi.,$127877.86,IEEE 802.11
66,Dental Hygienist,10/11/2020,"Vestibulum quam sapien, varius ut, blandit non, interdum in, ante. Vestibulum ante ipsum primis in faucibus orci luctus et ultrices posuere cubilia Curae; Duis faucibus accumsan odio. Curabitur convallis.",$107493.99,NX-OS
67,Recruiting Manager,02/16/2021,"Curabitur in libero ut massa volutpat convallis. Morbi odio odio, elementum eu, interdum eu, tincidunt in, leo. Maecenas pulvinar lobortis est.",$116317.03,OMAP
68,Recruiter,03/30/2021,"Sed sagittis. Nam congue, risus semper porta volutpat, quam pede lobortis ligula, sit amet eleifend pede libero quis orci. Nullam molestie nibh in lectus.",$130876.19,XPAC
69,Quality Engineer,10/25/2020,"In hac habitasse platea dictumst. Morbi vestibulum, velit id pretium iaculis, diam erat fermentum justo, nec condimentum neque sapien placerat ante. Nulla justo.",$108911.68,Change Control
70,VP Product Management,02/26/2021,"Cras mi pede, malesuada in, imperdiet et, commodo vulputate, justo. In blandit ultrices enim. Lorem ipsum dolor sit amet, consectetuer adipiscing elit.",$126145.44,Ocean
71,Administrative Officer,03/19/2021,Etiam vel augue. Vestibulum rutrum rutrum neque. Aenean auctor gravida sem.,$103015.50,Tax Preparation
72,Professor,02/25/2021,"Praesent blandit. Nam nulla. Integer pede justo, lacinia eget, tincidunt eget, tempus vel, pede.",$100362.17,JPEG
73,Software Consultant,02/04/2021,"Maecenas leo odio, condimentum id, luctus nec, molestie sed, justo. Pellentesque viverra pede ac diam. Cras pellentesque volutpat dui.",$118969.82,Active-HDL
74,Teacher,08/15/2020,"Vestibulum ac est lacinia nisi venenatis tristique. Fusce congue, diam id ornare imperdiet, sapien urna pretium nisl, ut volutpat sapien arcu sed augue. Aliquam erat volutpat.",$133761.67,zLinux
75,Food Chemist,04/04/2021,"Maecenas tristique, est et tempus semper, est quam pharetra magna, ac consequat metus sapien ut nunc. Vestibulum ante ipsum primis in faucibus orci luctus et ultrices posuere cubilia Curae; Mauris viverra diam vitae quam. Suspendisse potenti.",$102368.70,DCID 6/3
76,VP Accounting,10/26/2020,Duis consequat dui nec nisi volutpat eleifend. Donec ut dolor. Morbi vel lectus in quam fringilla rhoncus.,$99245.64,DSO
77,VP Quality Control,12/12/2020,"Vestibulum quam sapien, varius ut, blandit non, interdum in, ante. Vestibulum ante ipsum primis in faucibus orci luctus et ultrices posuere cubilia Curae; Duis faucibus accumsan odio. Curabitur convallis.",$134175.07,Business Transformation
78,Software Test Engineer I,12/05/2020,"Donec diam neque, vestibulum eget, vulputate ut, ultrices vel, augue. Vestibulum ante ipsum primis in faucibus orci luctus et ultrices posuere cubilia Curae; Donec pharetra, magna vestibulum aliquet ultrices, erat tortor sollicitudin mi, sit amet lobortis sapien sapien non mi. Integer ac neque.",$127113.14,Snoring
79,Administrative Assistant II,09/29/2020,"Lorem ipsum dolor sit amet, consectetuer adipiscing elit. Proin risus. Praesent lectus.",$102720.97,Radio Advertising
80,Research Associate,03/26/2021,"Morbi non lectus. Aliquam sit amet diam in magna bibendum imperdiet. Nullam orci pede, venenatis non, sodales sed, tincidunt eu, felis.",$101879.52,GWT
81,Developer I,07/23/2020,Praesent id massa id nisl venenatis lacinia. Aenean sit amet justo. Morbi ut odio.,$100446.00,Broadcast Television
82,Actuary,06/06/2021,Praesent id massa id nisl venenatis lacinia. Aenean sit amet justo. Morbi ut odio.,$131152.59,Drug Development
83,Human Resources Manager,09/11/2020,Nulla ut erat id mauris vulputate elementum. Nullam varius. Nulla facilisi.,$96331.29,XRF
84,Tax Accountant,01/24/2021,Nullam porttitor lacus at turpis. Donec posuere metus vitae ipsum. Aliquam non mauris.,$93206.61,OCLC Connexion
85,Occupational Therapist,09/04/2020,Maecenas ut massa quis augue luctus tincidunt. Nulla mollis molestie lorem. Quisque ut erat.,$116778.33,CPR Certified
86,Human Resources Assistant II,04/21/2021,"Curabitur at ipsum ac tellus semper interdum. Mauris ullamcorper purus sit amet nulla. Quisque arcu libero, rutrum ac, lobortis vel, dapibus at, diam.",$107232.90,Chemistry
87,Associate Professor,08/29/2020,"Maecenas tristique, est et tempus semper, est quam pharetra magna, ac consequat metus sapien ut nunc. Vestibulum ante ipsum primis in faucibus orci luctus et ultrices posuere cubilia Curae; Mauris viverra diam vitae quam. Suspendisse potenti.",$134008.16,DITA XML
88,Safety Technician I,07/24/2020,Cras non velit nec nisi vulputate nonummy. Maecenas tincidunt lacus at velit. Vivamus vel nulla eget eros elementum pellentesque.,$112999.54,RRC
89,Accounting Assistant III,10/08/2020,"Curabitur gravida nisi at nibh. In hac habitasse platea dictumst. Aliquam augue quam, sollicitudin vitae, consectetuer eget, rutrum at, lorem.",$110094.98,JBuilder
90,Help Desk Technician,10/18/2020,"Proin eu mi. Nulla ac enim. In tempor, turpis nec euismod scelerisque, quam turpis adipiscing lorem, vitae mattis nibh ligula nec sem.",$133019.41,FP7
91,Mechanical Systems Engineer,10/24/2020,"Vestibulum ac est lacinia nisi venenatis tristique. Fusce congue, diam id ornare imperdiet, sapien urna pretium nisl, ut volutpat sapien arcu sed augue. Aliquam erat volutpat.",$122595.36,Wicklander-Zulawski Interview &amp; Interrogation
92,Paralegal,12/25/2020,Nulla ut erat id mauris vulputate elementum. Nullam varius. Nulla facilisi.,$91038.02,VMware Player
93,Web Designer IV,02/06/2021,"Proin eu mi. Nulla ac enim. In tempor, turpis nec euismod scelerisque, quam turpis adipiscing lorem, vitae mattis nibh ligula nec sem.",$128472.53,Characterization
94,Structural Engineer,02/27/2021,"Cum sociis natoque penatibus et magnis dis parturient montes, nascetur ridiculus mus. Vivamus vestibulum sagittis sapien. Cum sociis natoque penatibus et magnis dis parturient montes, nascetur ridiculus mus.",$102444.30,Vulnerability Scanning
95,Analyst Programmer,07/12/2020,"Proin eu mi. Nulla ac enim. In tempor, turpis nec euismod scelerisque, quam turpis adipiscing lorem, vitae mattis nibh ligula nec sem.",$125301.39,Crystal Xcelsius
96,Staff Accountant IV,11/20/2020,Aenean lectus. Pellentesque eget nunc. Donec quis orci eget orci vehicula condimentum.,$128831.17,PKCS
97,Human Resources Assistant I,01/05/2021,Nullam sit amet turpis elementum ligula vehicula consequat. Morbi a ipsum. Integer a nibh.,$102401.05,Apparel
98,Director of Sales,10/11/2020,Duis consequat dui nec nisi volutpat eleifend. Donec ut dolor. Morbi vel lectus in quam fringilla rhoncus.,$108951.84,CTD
99,Account Executive,09/24/2020,Phasellus sit amet erat. Nulla tempus. Vivamus in felis eu sapien cursus vestibulum.,$106111.36,FDR
100,Occupational Therapist,02/08/2021,"Nam ultrices, libero non mattis pulvinar, nulla pede ullamcorper augue, a suscipit nulla elit ac nulla. Sed vel enim sit amet nunc viverra dapibus. Nulla suscipit ligula in lacus.",$109430.02,Quality Control
